sample_id,dataset,gold_answer,single_agent_baseline_answer,majority_voting_baseline_answer,round5_majority_answer,scrd_final_answer,single_agent_correct,majority_voting_correct,round5_majority_correct,scrd_correct,outcome_vs_round1,outcome_vs_vanilla5,effective_rounds_used,actual_rounds_executed,stop_reason,single_agent_total_tokens,majority_vote_total_tokens,round5_cumulative_total_tokens,scrd_total_tokens
addsub_0001,addsub,43,43,43,43,43,True,True,True,True,both_correct,both_correct,2,2,early_stop,379,1122,7342.0,5060
addsub_0002,addsub,26,26,26,26,26,True,True,True,True,both_correct,both_correct,2,2,early_stop,383,1134,7301.0,5016
addsub_0003,addsub,6,6,6,6,6,True,True,True,True,both_correct,both_correct,2,2,early_stop,365,1079,7081.0,4939
addsub_0004,addsub,8,8,8,8,8,True,True,True,True,both_correct,both_correct,2,2,early_stop,386,1114,7181.0,4981
addsub_0005,addsub,33,33,33,33,33,True,True,True,True,both_correct,both_correct,2,2,early_stop,383,1134,7362.0,5033
addsub_0006,addsub,52,52,52,52,52,True,True,True,True,both_correct,both_correct,2,2,early_stop,378,1119,7124.0,4996
addsub_0007,addsub,10,10,10,10,10,True,True,True,True,both_correct,both_correct,2,2,early_stop,374,1104,7092.0,4965
addsub_0008,addsub,13,13,13,13,13,True,True,True,True,both_correct,both_correct,2,2,early_stop,368,1089,7078.0,4937
addsub_0009,addsub,17,17,17,17,17,True,True,True,True,both_correct,both_correct,2,2,early_stop,359,1062,6826.0,4914
addsub_0010,addsub,10,10,10,10,10,True,True,True,True,both_correct,both_correct,2,2,early_stop,372,1095,6956.0,4981
addsub_0011,addsub,16,16,16,16,16,True,True,True,True,both_correct,both_correct,2,2,early_stop,363,1070,7112.0,4883
addsub_0012,addsub,12,12,12,12,12,True,True,True,True,both_correct,both_correct,2,2,early_stop,375,1108,7177.0,4963
addsub_0013,addsub,15,15,15,15,15,True,True,True,True,both_correct,both_correct,5,5,early_stop,358,1059,6829.0,14395
addsub_0014,addsub,5,5,5,5,5,True,True,True,True,both_correct,both_correct,3,3,early_stop,372,1073,6823.0,8092
addsub_0015,addsub,14,14,14,14,14,True,True,True,True,both_correct,both_correct,2,2,early_stop,367,1088,7092.0,4863
addsub_0016,addsub,9,9,9,9,9,True,True,True,True,both_correct,both_correct,3,3,early_stop,357,1056,6687.0,7933
addsub_0017,addsub,11,11,11,11,11,True,True,True,True,both_correct,both_correct,2,2,early_stop,372,1077,6893.0,4936
addsub_0018,addsub,21,21,21,21,21,True,True,True,True,both_correct,both_correct,2,2,early_stop,376,1113,7042.0,4973
addsub_0019,addsub,18,18,18,18,18,True,True,True,True,both_correct,both_correct,2,2,early_stop,374,1105,7110.0,4918
addsub_0020,addsub,16,16,16,16,16,True,True,True,True,both_correct,both_correct,2,2,early_stop,368,1089,6996.0,4909
addsub_0021,addsub,19,19,20,19,19,True,False,True,True,wrong_to_correct,both_correct,2,2,early_stop,377,1116,7230.0,5272
addsub_0022,addsub,14,14,14,14,14,True,True,True,True,both_correct,both_correct,3,3,early_stop,372,1106,7086.0,8326
addsub_0023,addsub,16,16,16,16,16,True,True,True,True,both_correct,both_correct,3,3,early_stop,372,1101,6996.0,8133
addsub_0024,addsub,12,12,12,12,12,True,True,True,True,both_correct,both_correct,3,3,early_stop,383,1154,7158.0,10871
addsub_0025,addsub,18,18,18,18,18,True,True,True,True,both_correct,both_correct,5,5,early_stop,368,1081,6888.0,14391
addsub_0026,addsub,67,67,67,67,67,True,True,True,True,both_correct,both_correct,2,2,early_stop,389,1116,7219.0,5054
addsub_0027,addsub,65,65,65,65,65,True,True,True,True,both_correct,both_correct,2,2,early_stop,369,1091,6933.0,4902
addsub_0028,addsub,51,51,51,51,51,True,True,True,True,both_correct,both_correct,2,2,early_stop,390,1116,7095.0,5102
addsub_0029,addsub,25,25,25,25,25,True,True,True,True,both_correct,both_correct,2,2,early_stop,367,1089,7025.0,5068
addsub_0030,addsub,56,56,56,56,56,True,True,True,True,both_correct,both_correct,2,2,early_stop,366,1085,6941.0,4889
addsub_0031,addsub,41,41,41,41,41,True,True,True,True,both_correct,both_correct,2,2,early_stop,355,1059,6794.0,4784
addsub_0032,addsub,74,74,74,74,74,True,True,True,True,both_correct,both_correct,2,2,early_stop,386,1097,7022.0,5158
addsub_0033,addsub,58,58,58,58,58,True,True,True,True,both_correct,both_correct,2,2,early_stop,382,1129,7559.0,4990
addsub_0034,addsub,55,55,55,55,55,True,True,True,True,both_correct,both_correct,5,5,early_stop,385,1130,7154.0,14915
addsub_0035,addsub,47,47,47,47,47,True,True,True,True,both_correct,both_correct,2,2,early_stop,380,1101,7003.0,5091
addsub_0036,addsub,47,47,47,47,47,True,True,True,True,both_correct,both_correct,2,2,early_stop,392,1156,7229.0,5129
addsub_0037,addsub,60,60,60,60,60,True,True,True,True,both_correct,both_correct,2,2,early_stop,369,1092,7106.0,5031
addsub_0038,addsub,63,63,63,63,63,True,True,True,True,both_correct,both_correct,2,2,early_stop,394,1155,7361.0,5115
addsub_0039,addsub,89,89,89,89,89,True,True,True,True,both_correct,both_correct,5,5,early_stop,390,1144,7251.0,15091
addsub_0040,addsub,77,77,77,77,77,True,True,True,True,both_correct,both_correct,2,2,early_stop,380,1116,6997.0,5009
addsub_0041,addsub,70,70,70,70,70,True,True,True,True,both_correct,both_correct,2,2,early_stop,367,1086,6952.0,4929
addsub_0042,addsub,71,71,71,71,71,True,True,True,True,both_correct,both_correct,4,4,early_stop,363,1074,6890.0,11487
addsub_0043,addsub,48,48,48,48,48,True,True,True,True,both_correct,both_correct,2,2,early_stop,363,1070,7008.0,4846
addsub_0044,addsub,81,81,81,81,81,True,True,True,True,both_correct,both_correct,2,2,early_stop,362,1070,6951.0,4969
addsub_0045,addsub,82,82,82,82,82,True,True,True,True,both_correct,both_correct,5,5,early_stop,365,1081,6888.0,14288
addsub_0046,addsub,43,43,43,43,43,True,True,True,True,both_correct,both_correct,2,2,early_stop,369,1092,7035.0,4928
addsub_0047,addsub,59,59,59,59,59,True,True,True,True,both_correct,both_correct,2,2,early_stop,368,1090,6914.0,4865
addsub_0048,addsub,100,100,100,100,100,True,True,True,True,both_correct,both_correct,2,2,early_stop,387,1146,7282.0,5236
addsub_0049,addsub,67,67,67,67,67,True,True,True,True,both_correct,both_correct,3,3,early_stop,365,1080,7019.0,8115
addsub_0050,addsub,105,105,105,105,105,True,True,True,True,both_correct,both_correct,3,3,early_stop,379,1114,7147.0,8465
addsub_0051,addsub,65,65,65,65,65,True,True,True,True,both_correct,both_correct,2,2,early_stop,377,1115,7126.0,4950
addsub_0052,addsub,83,83,83,83,83,True,True,True,True,both_correct,both_correct,2,2,early_stop,380,1132,7179.0,5074
addsub_0053,addsub,104,104,104,104,104,True,True,True,True,both_correct,both_correct,5,5,early_stop,373,1104,7147.0,14741
addsub_0054,addsub,88,88,88,88,88,True,True,True,True,both_correct,both_correct,2,2,early_stop,370,1109,7012.0,4960
addsub_0055,addsub,44,44,44,44,44,True,True,True,True,both_correct,both_correct,2,2,early_stop,379,1123,7286.0,4973
addsub_0056,addsub,78,78,78,68,78,True,True,False,True,both_correct,wrong_to_correct,3,3,early_stop,380,1148,7145.0,10420
addsub_0057,addsub,21,21,21,21,21,True,True,True,True,both_correct,both_correct,2,2,early_stop,380,1128,7296.0,4991
addsub_0058,addsub,11,11,11,11,11,True,True,True,True,both_correct,both_correct,2,2,early_stop,383,1134,7369.0,5016
addsub_0059,addsub,34,34,34,34,34,True,True,True,True,both_correct,both_correct,2,2,early_stop,378,1119,7162.0,4992
addsub_0060,addsub,42,42,42,42,42,True,True,True,True,both_correct,both_correct,2,2,early_stop,379,1122,7125.0,5006
addsub_0061,addsub,34,34,34,34,34,True,True,True,True,both_correct,both_correct,2,2,early_stop,381,1128,7267.0,5057
addsub_0062,addsub,11,11,11,11,11,True,True,True,True,both_correct,both_correct,2,2,early_stop,372,1111,7185.0,4961
addsub_0063,addsub,12,12,12,12,12,True,True,True,True,both_correct,both_correct,2,2,early_stop,382,1103,7054.0,5019
addsub_0064,addsub,23,23,23,23,23,True,True,True,True,both_correct,both_correct,2,2,early_stop,383,1134,7297.0,5035
addsub_0065,addsub,13,13,13,13,13,True,True,True,True,both_correct,both_correct,2,2,early_stop,358,1060,6806.0,4823
addsub_0066,addsub,12,12,12,12,12,True,True,True,True,both_correct,both_correct,2,2,early_stop,367,1086,6887.0,5019
addsub_0067,addsub,9,9,9,9,9,True,True,True,True,both_correct,both_correct,5,5,early_stop,367,1086,6933.0,14680
addsub_0068,addsub,3,3,3,3,3,True,True,True,True,both_correct,both_correct,2,2,early_stop,366,1081,6770.0,4869
addsub_0069,addsub,16,16,16,16,16,True,True,True,True,both_correct,both_correct,4,4,early_stop,368,1081,6913.0,11611
addsub_0070,addsub,15,15,15,15,15,True,True,True,True,both_correct,both_correct,2,2,early_stop,358,1051,6805.0,4812
addsub_0071,addsub,6,6,6,6,6,True,True,True,True,both_correct,both_correct,2,2,early_stop,370,1061,6898.0,5085
addsub_0072,addsub,4,4,4,4,4,True,True,True,True,both_correct,both_correct,2,2,early_stop,378,1109,7086.0,5019
addsub_0073,addsub,6,6,6,6,6,True,True,True,True,both_correct,both_correct,2,2,early_stop,360,1066,6809.0,4851
addsub_0074,addsub,83,83,83,83,83,True,True,True,True,both_correct,both_correct,2,2,early_stop,378,1123,7050.0,5141
addsub_0075,addsub,72,72,72,72,72,True,True,True,True,both_correct,both_correct,5,5,early_stop,365,1084,6879.0,14588
addsub_0076,addsub,17,17,17,17,17,True,True,True,True,both_correct,both_correct,2,2,early_stop,385,1115,6958.0,4972
addsub_0077,addsub,42,42,42,42,42,True,True,True,True,both_correct,both_correct,2,2,early_stop,357,1056,6797.0,4818
addsub_0078,addsub,74,74,74,74,74,True,True,True,True,both_correct,both_correct,2,2,early_stop,360,1084,7024.0,4952
addsub_0079,addsub,74,74,74,74,74,True,True,True,True,both_correct,both_correct,2,2,early_stop,362,1075,6852.0,4817
addsub_0080,addsub,96,96,96,96,96,True,True,True,True,both_correct,both_correct,4,4,early_stop,357,1056,6826.0,11145
asdiv_0001,asdiv,9.0,9,9,9,9,True,True,True,True,both_correct,both_correct,2,2,early_stop,352,1046,6690.0,4849
asdiv_0002,asdiv,15.0,15,15,15,15,True,True,True,True,both_correct,both_correct,2,2,early_stop,371,1100,6901.0,4977
asdiv_0003,asdiv,16.0,16,16,16,16,True,True,True,True,both_correct,both_correct,2,2,early_stop,355,1049,6908.0,4755
asdiv_0004,asdiv,6.0,6,6,6,6,True,True,True,True,both_correct,both_correct,3,3,early_stop,370,1097,6963.0,8275
asdiv_0005,asdiv,14.0,14,14,14,14,True,True,True,True,both_correct,both_correct,2,2,early_stop,359,1062,6949.0,4873
asdiv_0006,asdiv,11.0,11,11,11,11,True,True,True,True,both_correct,both_correct,2,2,early_stop,376,1113,6999.0,5041
asdiv_0007,asdiv,8.0,8,8,8,8,True,True,True,True,both_correct,both_correct,5,5,early_stop,375,1086,7021.0,14447
asdiv_0008,asdiv,4.0,4,4,4,4,True,True,True,True,both_correct,both_correct,2,2,early_stop,369,1092,7004.0,4888
asdiv_0009,asdiv,18.0,18,18,18,18,True,True,True,True,both_correct,both_correct,4,4,early_stop,356,1063,6858.0,11495
asdiv_0010,asdiv,11.0,11,11,11,11,True,True,True,True,both_correct,both_correct,2,2,early_stop,354,1052,6935.0,4773
asdiv_0011,asdiv,24.0,24,24,24,24,True,True,True,True,both_correct,both_correct,2,2,early_stop,357,1056,6890.0,4834
asdiv_0012,asdiv,19.0,19,19,19,19,True,True,True,True,both_correct,both_correct,3,3,early_stop,359,1068,6887.0,8118
asdiv_0013,asdiv,45.0,45,45,45,45,True,True,True,True,both_correct,both_correct,2,2,early_stop,371,1080,6959.0,4920
asdiv_0014,asdiv,0.0,0,0,0,0,True,True,True,True,both_correct,both_correct,3,3,early_stop,372,1101,6802.0,8231
asdiv_0015,asdiv,2.0,2,2,2,2,True,True,True,True,both_correct,both_correct,4,4,early_stop,362,1063,6890.0,11255
asdiv_0016,asdiv,8.0,8,8,8,8,True,True,True,True,both_correct,both_correct,5,5,early_stop,368,1090,7038.0,14498
asdiv_0017,asdiv,7.0,7,7,7,7,True,True,True,True,both_correct,both_correct,2,2,early_stop,378,1077,6978.0,4981
asdiv_0018,asdiv,3.0,3,3,3,3,True,True,True,True,both_correct,both_correct,2,2,early_stop,362,1070,6918.0,4844
asdiv_0019,asdiv,7.0,7,7,7,7,True,True,True,True,both_correct,both_correct,2,2,early_stop,378,1093,6931.0,5023
asdiv_0020,asdiv,12.0,12,12,12,12,True,True,True,True,both_correct,both_correct,2,2,early_stop,369,1086,6915.0,4944
asdiv_0021,asdiv,6.0,6,6,6,6,True,True,True,True,both_correct,both_correct,2,2,early_stop,359,1058,6753.0,4936
asdiv_0022,asdiv,5.0,5,5,5,5,True,True,True,True,both_correct,both_correct,2,2,early_stop,358,1056,6674.0,4835
asdiv_0023,asdiv,4.0,4,4,4,4,True,True,True,True,both_correct,both_correct,2,2,early_stop,361,1059,6800.0,4792
asdiv_0024,asdiv,3.0,3,3,3,3,True,True,True,True,both_correct,both_correct,2,2,early_stop,364,1075,6719.0,4831
asdiv_0025,asdiv,1.0,1,1,1,1,True,True,True,True,both_correct,both_correct,2,2,early_stop,367,1078,6849.0,4924
asdiv_0026,asdiv,2.0,2,2,2,2,True,True,True,True,both_correct,both_correct,2,2,early_stop,369,1092,6971.0,4940
asdiv_0027,asdiv,5.0,5,5,5,5,True,True,True,True,both_correct,both_correct,2,2,early_stop,363,1069,6816.0,4964
asdiv_0028,asdiv,1.0,1,1,1,1,True,True,True,True,both_correct,both_correct,2,2,early_stop,368,1069,6869.0,4906
asdiv_0029,asdiv,3.0,3,3,3,3,True,True,True,True,both_correct,both_correct,2,2,early_stop,365,1093,6834.0,4927
asdiv_0030,asdiv,None,Jacob has more money.,Jacob,Jacob,mrs. hilt has more money.,False,False,False,False,both_wrong,both_wrong,4,5,rollback,371,1092,7598.0,19849
asdiv_0031,asdiv,13.0,0.25,0.25,10,0.25,False,False,False,False,both_wrong,both_wrong,2,3,rollback,381,1112,7951.0,11184
asdiv_0032,asdiv,45.0,0.55,0.55,0.45,0.55,False,False,False,False,both_wrong,both_wrong,2,3,rollback,360,1100,7277.0,9393
asdiv_0033,asdiv,55.0,55,55,55,55,True,True,True,True,both_correct,both_correct,2,2,early_stop,404,1195,7605.0,5167
asdiv_0034,asdiv,38.0,38,38,38,38,True,True,True,True,both_correct,both_correct,2,2,early_stop,368,1089,6936.0,4863
asdiv_0035,asdiv,18.0,18,18,18,18,True,True,True,True,both_correct,both_correct,3,3,early_stop,378,1123,7159.0,8247
asdiv_0036,asdiv,12.0,12,12,12,12,True,True,True,True,both_correct,both_correct,2,2,early_stop,381,1146,7351.0,5057
asdiv_0037,asdiv,5.0,5,5,5,5,True,True,True,True,both_correct,both_correct,2,2,early_stop,386,1095,6835.0,5123
asdiv_0038,asdiv,15.0,15,15,15,15,True,True,True,True,both_correct,both_correct,2,2,early_stop,358,1059,6774.0,4855
asdiv_0039,asdiv,12.0,12,16,8,12,True,False,False,True,wrong_to_correct,wrong_to_correct,4,5,rollback,385,1113,6880.0,20187
asdiv_0040,asdiv,6.0,6,6,6,6,True,True,True,True,both_correct,both_correct,3,3,early_stop,363,1066,6742.0,7988
asdiv_0041,asdiv,7.0,7,7,7,7,True,True,True,True,both_correct,both_correct,2,2,early_stop,369,1082,6895.0,4991
asdiv_0042,asdiv,12.0,12,12,12,12,True,True,True,True,both_correct,both_correct,2,2,early_stop,365,1081,7026.0,4951
asdiv_0043,asdiv,6.0,6,6,6,6,True,True,True,True,both_correct,both_correct,5,5,early_stop,367,1083,6888.0,14370
asdiv_0044,asdiv,4.0,4,4,4,4,True,True,True,True,both_correct,both_correct,2,2,early_stop,359,1072,6780.0,4866
asdiv_0045,asdiv,6.0,6,6,6,6,True,True,True,True,both_correct,both_correct,2,2,early_stop,366,1083,6952.0,4858
asdiv_0046,asdiv,10.0,10,10,10,10,True,True,True,True,both_correct,both_correct,2,2,early_stop,372,1101,7110.0,5006
asdiv_0047,asdiv,16.0,16,16,16,16,True,True,True,True,both_correct,both_correct,2,2,early_stop,363,1074,6849.0,4895
asdiv_0048,asdiv,14.0,14,14,14,14,True,True,True,True,both_correct,both_correct,2,2,early_stop,359,1066,6781.0,4844
asdiv_0049,asdiv,15.0,15,15,15,15,True,True,True,True,both_correct,both_correct,2,2,early_stop,362,1077,6824.0,4828
asdiv_0050,asdiv,18.0,18,18,18,18,True,True,True,True,both_correct,both_correct,2,2,early_stop,376,1127,7194.0,5027
asdiv_0051,asdiv,11.0,11,11,11,11,True,True,True,True,both_correct,both_correct,2,2,early_stop,372,1114,6950.0,4948
asdiv_0052,asdiv,7.0,7,7,7,7,True,True,True,True,both_correct,both_correct,2,2,early_stop,373,1103,7007.0,4934
asdiv_0053,asdiv,18.0,18,18,18,18,True,True,True,True,both_correct,both_correct,3,3,early_stop,363,1081,7110.0,8213
asdiv_0054,asdiv,7.0,7,7,7,7,True,True,True,True,both_correct,both_correct,2,2,early_stop,354,1046,6989.0,4830
asdiv_0055,asdiv,7.0,7,7,7,7,True,True,True,True,both_correct,both_correct,3,3,early_stop,361,1062,6937.0,7960
asdiv_0056,asdiv,7.0,7,7,7,7,True,True,True,True,both_correct,both_correct,5,5,early_stop,368,1086,7056.0,14625
asdiv_0057,asdiv,5.0,5,5,5,5,True,True,True,True,both_correct,both_correct,2,2,early_stop,362,1069,6915.0,4875
asdiv_0058,asdiv,28.0,28,28,28,28,True,True,True,True,both_correct,both_correct,2,2,early_stop,369,1093,7195.0,4937
asdiv_0059,asdiv,22.0,22,22,22,22,True,True,True,True,both_correct,both_correct,4,4,early_stop,359,1067,7031.0,11165
asdiv_0060,asdiv,38.0,38,38,38,38,True,True,True,True,both_correct,both_correct,4,4,early_stop,364,1075,7050.0,11218
asdiv_0061,asdiv,929.0,929,929,929,929,True,True,True,True,both_correct,both_correct,3,3,early_stop,360,1063,7123.0,8100
asdiv_0062,asdiv,62.0,62,62,62,62,True,True,True,True,both_correct,both_correct,3,3,early_stop,356,1053,6928.0,8103
asdiv_0063,asdiv,46.0,46,46,46,46,True,True,True,True,both_correct,both_correct,2,2,early_stop,352,1050,6953.0,4778
asdiv_0064,asdiv,113.0,113,113,113,113,True,True,True,True,both_correct,both_correct,2,2,early_stop,364,1077,7102.0,4976
asdiv_0065,asdiv,616.0,616,616,616,616,True,True,True,True,both_correct,both_correct,5,5,early_stop,381,1114,7219.0,14775
asdiv_0066,asdiv,803.0,703,703,703,703,False,False,False,False,both_wrong,both_wrong,3,3,early_stop,358,1061,7071.0,8071
asdiv_0067,asdiv,700.0,700,700,700,700,True,True,True,True,both_correct,both_correct,2,2,early_stop,361,1068,7084.0,4853
asdiv_0068,asdiv,20.0,20,20,20,20,True,True,True,True,both_correct,both_correct,3,3,early_stop,375,1068,6914.0,8069
asdiv_0069,asdiv,35.0,35,35,35,35,True,True,True,True,both_correct,both_correct,4,4,early_stop,359,1065,6944.0,11141
asdiv_0070,asdiv,33.0,33,33,33,33,True,True,True,True,both_correct,both_correct,2,2,early_stop,358,1057,6967.0,4845
asdiv_0071,asdiv,40.0,40,40,40,40,True,True,True,True,both_correct,both_correct,2,2,early_stop,354,1063,6879.0,4911
asdiv_0072,asdiv,43.0,43,43,43,43,True,True,True,True,both_correct,both_correct,5,5,early_stop,359,1060,6947.0,14343
asdiv_0073,asdiv,32.0,32,32,32,32,True,True,True,True,both_correct,both_correct,3,3,early_stop,354,1049,6903.0,7989
asdiv_0074,asdiv,60.0,60,60,60,60,True,True,True,True,both_correct,both_correct,2,2,early_stop,359,1062,6947.0,4839
asdiv_0075,asdiv,77.0,77,77,77,77,True,True,True,True,both_correct,both_correct,3,3,early_stop,366,1083,7044.0,8023
asdiv_0076,asdiv,None,No,No,no,no,False,False,False,False,both_wrong,both_wrong,2,2,early_stop,387,1155,7287.0,5092
asdiv_0077,asdiv,19.0,19,19,19,19,True,True,True,True,both_correct,both_correct,2,2,early_stop,367,1086,7029.0,4896
asdiv_0078,asdiv,20.0,20,20,20,20,True,True,True,True,both_correct,both_correct,5,5,early_stop,370,1089,7078.0,14600
asdiv_0079,asdiv,37.0,37,37,37,37,True,True,True,True,both_correct,both_correct,2,2,early_stop,360,1065,6947.0,4868
asdiv_0080,asdiv,21.0,0.21,0.21,0.63,0.21,False,False,False,False,both_wrong,both_wrong,3,4,rollback,391,1148,7694.0,13770
gsm8k_0001,gsm8k,72,72,72,72,72,True,True,True,True,both_correct,both_correct,2,2,early_stop,396,1174,7335.0,5370
gsm8k_0002,gsm8k,10,10,10,10,10,True,True,True,True,both_correct,both_correct,2,2,early_stop,365,1077,7095.0,5114
gsm8k_0003,gsm8k,5,5,5,10,5,True,True,False,True,both_correct,wrong_to_correct,3,4,rollback,445,1335,7992.0,15931
gsm8k_0004,gsm8k,42,42,42,36,42,True,True,False,True,both_correct,wrong_to_correct,2,2,early_stop,438,1257,8064.0,5829
gsm8k_0005,gsm8k,624,624,624,1040,624,True,True,False,True,both_correct,wrong_to_correct,2,2,early_stop,373,1127,7309.0,5349
gsm8k_0006,gsm8k,35,45,45,110,45,False,False,False,False,both_wrong,both_wrong,3,4,rollback,408,1205,7487.0,14610
gsm8k_0007,gsm8k,48,40,40,40,40,False,False,False,False,both_wrong,both_wrong,4,4,early_stop,399,1190,7533.0,14099
gsm8k_0008,gsm8k,16,16,16,16,16,True,True,True,True,both_correct,both_correct,3,3,early_stop,478,1377,8627.0,11777
gsm8k_0009,gsm8k,41,111,101,101,101,False,False,False,False,both_wrong,both_wrong,3,3,early_stop,446,1326,8684.0,10056
gsm8k_0010,gsm8k,990,950,950,990,950,False,False,True,False,both_wrong,correct_to_wrong,5,6,rollback,418,1239,7832.0,24118
gsm8k_0011,gsm8k,121,141,141,107,179,False,False,False,False,both_wrong,both_wrong,2,2,early_stop,452,1339,7995.0,5754
gsm8k_0012,gsm8k,5,5,5,3,5,True,True,False,True,both_correct,wrong_to_correct,2,2,early_stop,521,1433,8428.0,6403
gsm8k_0013,gsm8k,85,85,85,55,85,True,True,False,True,both_correct,wrong_to_correct,2,2,early_stop,413,1191,7509.0,5627
gsm8k_0014,gsm8k,35,35,35,30,35,True,True,False,True,both_correct,wrong_to_correct,2,2,early_stop,425,1232,7769.0,5464
gsm8k_0015,gsm8k,5,9,7.5,7.5,7.5,False,False,False,False,both_wrong,both_wrong,3,4,rollback,388,1129,7140.0,13922
gsm8k_0016,gsm8k,448000,3700000,3700000,3400000,3700000,False,False,False,False,both_wrong,both_wrong,2,2,early_stop,418,1248,7997.0,5521
gsm8k_0017,gsm8k,800,800,800,1000,800,True,True,False,True,both_correct,wrong_to_correct,2,2,early_stop,446,1323,8128.0,5878
gsm8k_0018,gsm8k,43,51,51,50,51,False,False,False,False,both_wrong,both_wrong,2,2,early_stop,416,1233,8220.0,5832
gsm8k_0019,gsm8k,16,9,9,9,9,False,False,False,False,both_wrong,both_wrong,2,2,early_stop,398,1187,7897.0,5511
gsm8k_0020,gsm8k,16,10.8,10.8,16.0,28,False,False,True,False,both_wrong,correct_to_wrong,5,5,early_stop,404,1197,7673.0,18424
gsm8k_0021,gsm8k,38,36,36,36,36,False,False,False,False,both_wrong,both_wrong,2,2,early_stop,410,1214,7633.0,5336
gsm8k_0022,gsm8k,1080,432,432,432,432,False,False,False,False,both_wrong,both_wrong,3,4,rollback,393,1185,7807.0,14168
gsm8k_0023,gsm8k,7,4,4,8,4,False,False,False,False,both_wrong,both_wrong,5,6,rollback,441,1322,8307.0,25525
gsm8k_0024,gsm8k,5,5,5,9,5,True,True,False,True,both_correct,wrong_to_correct,2,2,early_stop,409,1223,7658.0,5833
gsm8k_0025,gsm8k,62,62,62,62,62,True,True,True,True,both_correct,both_correct,2,2,early_stop,448,1329,8114.0,5659
gsm8k_0026,gsm8k,110,95,95,85,95,False,False,False,False,both_wrong,both_wrong,4,5,rollback,433,1295,7845.0,20325
gsm8k_0027,gsm8k,400,400,400,400,400,True,True,True,True,both_correct,both_correct,2,2,early_stop,394,1195,7551.0,5269
gsm8k_0028,gsm8k,400,480,224,224,224,False,False,False,False,both_wrong,both_wrong,2,2,early_stop,438,1307,8634.0,6291
gsm8k_0029,gsm8k,8,8,8,8,8,True,True,True,True,both_correct,both_correct,3,3,early_stop,429,1257,7573.0,8920
gsm8k_0030,gsm8k,1000,2400,2400,8000,2400,False,False,False,False,both_wrong,both_wrong,2,2,early_stop,424,1258,7451.0,5926
gsm8k_0031,gsm8k,6,6,6,6,6,True,True,True,True,both_correct,both_correct,2,2,early_stop,450,1270,8068.0,5483
gsm8k_0032,gsm8k,1200,960,960,1920,960,False,False,False,False,both_wrong,both_wrong,3,3,early_stop,401,1188,7918.0,10036
gsm8k_0033,gsm8k,10,10,10,10,10,True,True,True,True,both_correct,both_correct,5,6,rollback,497,1422,8688.0,26489
gsm8k_0034,gsm8k,34,34,34,37,34,True,True,False,True,both_correct,wrong_to_correct,2,2,early_stop,439,1285,7982.0,5762
gsm8k_0035,gsm8k,5250,5250,5250,5250,5250,True,True,True,True,both_correct,both_correct,2,2,early_stop,407,1189,7609.0,5433
gsm8k_0036,gsm8k,36,36,36,36,36,True,True,True,True,both_correct,both_correct,2,2,early_stop,395,1181,7494.0,5219
gsm8k_0037,gsm8k,15,15,15,30,15,True,True,False,True,both_correct,wrong_to_correct,2,2,early_stop,393,1164,7385.0,5207
gsm8k_0038,gsm8k,5,3.4,3.4,3.1,3.4,False,False,False,False,both_wrong,both_wrong,2,3,rollback,415,1230,8043.0,12076
gsm8k_0039,gsm8k,9,72,9,9,9,False,True,True,True,both_correct,both_correct,2,2,early_stop,418,1214,7981.0,5584
gsm8k_0040,gsm8k,15,85,85,90,90,False,False,False,False,both_wrong,both_wrong,4,5,rollback,428,1235,8111.0,20139
gsm8k_0041,gsm8k,476,468,468,468,468,False,False,False,False,both_wrong,both_wrong,2,2,early_stop,384,1137,7665.0,5163
gsm8k_0042,gsm8k,500,500,500,550,500,True,True,False,True,both_correct,wrong_to_correct,2,2,early_stop,426,1255,7914.0,5516
gsm8k_0043,gsm8k,99,57,57,55,57,False,False,False,False,both_wrong,both_wrong,2,2,early_stop,401,1209,7629.0,5823
gsm8k_0044,gsm8k,60,60,60,62,60,True,True,False,True,both_correct,wrong_to_correct,2,2,early_stop,429,1270,7811.0,5672
gsm8k_0045,gsm8k,300,400,400,300,300,False,False,True,True,wrong_to_correct,both_correct,2,3,rollback,419,1258,7948.0,10404
gsm8k_0046,gsm8k,99,80,64,62,99,False,False,False,True,wrong_to_correct,wrong_to_correct,3,3,early_stop,419,1252,7795.0,10140
gsm8k_0047,gsm8k,1920,1920,1920,1920,1920,True,True,True,True,both_correct,both_correct,2,2,early_stop,436,1257,7569.0,5655
gsm8k_0048,gsm8k,15,15,15,12,15,True,True,False,True,both_correct,wrong_to_correct,2,2,early_stop,424,1250,7741.0,5419
gsm8k_0049,gsm8k,10,10,10,26,10,True,True,False,True,both_correct,wrong_to_correct,2,2,early_stop,401,1188,7481.0,5370
gsm8k_0050,gsm8k,48,48,48,192,48,True,True,False,True,both_correct,wrong_to_correct,2,2,early_stop,408,1201,7558.0,5403
gsm8k_0051,gsm8k,5,40,40,40,40,False,False,False,False,both_wrong,both_wrong,2,3,rollback,411,1240,7989.0,10242
gsm8k_0052,gsm8k,160,80,80,88,80,False,False,False,False,both_wrong,both_wrong,2,3,rollback,402,1185,7824.0,10072
gsm8k_0053,gsm8k,5,5,5,10,5,True,True,False,True,both_correct,wrong_to_correct,2,2,early_stop,431,1276,7794.0,5621
gsm8k_0054,gsm8k,36,36,36,36,36,True,True,True,True,both_correct,both_correct,2,2,early_stop,402,1191,7442.0,5208
gsm8k_0055,gsm8k,11,8,21,21,11,False,False,False,True,wrong_to_correct,wrong_to_correct,3,4,rollback,419,1240,7933.0,17687
gsm8k_0056,gsm8k,75,75,75,56,75,True,True,False,True,both_correct,wrong_to_correct,3,4,rollback,414,1219,7999.0,12908
gsm8k_0057,gsm8k,45,45,45,45,45,True,True,True,True,both_correct,both_correct,2,2,early_stop,442,1309,7916.0,5900
gsm8k_0058,gsm8k,2,3.33,3.33,2,2.5,False,False,True,True,wrong_to_correct,both_correct,3,3,early_stop,415,1228,7418.0,10454
gsm8k_0059,gsm8k,320,200,200,480,480,False,False,False,False,both_wrong,both_wrong,2,2,early_stop,416,1228,7723.0,6120
gsm8k_0060,gsm8k,120,80,80,95,80,False,False,False,False,both_wrong,both_wrong,2,2,early_stop,472,1359,8413.0,6486
gsm8k_0061,gsm8k,96,96,96,96,96,True,True,True,True,both_correct,both_correct,5,5,early_stop,466,1285,8160.0,17836
gsm8k_0062,gsm8k,200,200,200,200,200,True,True,True,True,both_correct,both_correct,2,2,early_stop,495,1486,8833.0,6251
gsm8k_0063,gsm8k,15,15,15,16,15,True,True,False,True,both_correct,wrong_to_correct,2,3,rollback,444,1240,7516.0,10438
gsm8k_0064,gsm8k,59,9,9,9,9,False,False,False,False,both_wrong,both_wrong,2,3,rollback,428,1299,8199.0,10838
gsm8k_0065,gsm8k,840,420,540,660,540,False,False,False,False,both_wrong,both_wrong,2,3,rollback,388,1158,7499.0,9992
gsm8k_0066,gsm8k,558,553,553,558,559,False,False,True,False,both_wrong,correct_to_wrong,2,2,early_stop,381,1144,7529.0,5871
gsm8k_0067,gsm8k,520,780,770,800,770,False,False,False,False,both_wrong,both_wrong,2,3,rollback,422,1245,8178.0,11040
gsm8k_0068,gsm8k,6,2,2,2.67,2,False,False,False,False,both_wrong,both_wrong,4,5,rollback,505,1420,8323.0,22659
gsm8k_0069,gsm8k,90,165,165,110,90,False,False,False,True,wrong_to_correct,wrong_to_correct,2,3,rollback,403,1199,7848.0,9854
gsm8k_0070,gsm8k,49,49,49,49,49,True,True,True,True,both_correct,both_correct,2,2,early_stop,375,1114,7196.0,5236
gsm8k_0071,gsm8k,19,19,19,16,19,True,True,False,True,both_correct,wrong_to_correct,2,2,early_stop,414,1210,7412.0,5386
gsm8k_0072,gsm8k,25,25,25,29,25,True,True,False,True,both_correct,wrong_to_correct,2,2,early_stop,407,1200,7724.0,5361
gsm8k_0073,gsm8k,54,36,18,54,18,False,False,True,False,both_wrong,correct_to_wrong,3,3,early_stop,444,1281,8092.0,9460
gsm8k_0074,gsm8k,3,3,3,3,3,True,True,True,True,both_correct,both_correct,2,2,early_stop,433,1273,7939.0,5558
gsm8k_0075,gsm8k,28,28,28,28,28,True,True,True,True,both_correct,both_correct,4,5,rollback,421,1284,7794.0,18132
gsm8k_0076,gsm8k,15,8,10,10,10,False,False,False,False,both_wrong,both_wrong,2,2,early_stop,391,1159,8380.0,5493
gsm8k_0077,gsm8k,768,407,768,567,768,False,True,False,True,both_correct,wrong_to_correct,2,2,early_stop,395,1237,7178.0,5781
gsm8k_0078,gsm8k,85,85,85,91,85,True,True,False,True,both_correct,wrong_to_correct,2,2,early_stop,419,1177,7370.0,5480
gsm8k_0079,gsm8k,4,4,4,4,4,True,True,True,True,both_correct,both_correct,4,4,early_stop,442,1313,7988.0,13775
gsm8k_0080,gsm8k,70,70,70,60,70,True,True,False,True,both_correct,wrong_to_correct,5,5,early_stop,395,1170,7219.0,15532
multiarith_0001,math,0,4,4,,7,False,False,,False,both_wrong,vanilla_missing,3,4,rollback,493,1477,,19136
multiarith_0002,math,98,98,98,,98,True,True,,True,both_correct,vanilla_missing,4,5,rollback,483,1442,,20641
multiarith_0003,math,4,4,4,,4,True,True,,True,both_correct,vanilla_missing,2,2,early_stop,374,1156,,4998
multiarith_0004,math,17,9,9,,9,False,False,,False,both_wrong,vanilla_missing,2,3,rollback,369,1088,,9020
multiarith_0005,math,6,6,6,,6,True,True,,True,both_correct,vanilla_missing,2,2,early_stop,478,1375,,5933
multiarith_0006,math,11,3,3,,3,False,False,,False,both_wrong,vanilla_missing,2,3,rollback,374,1110,,9660
multiarith_0007,math,-7,-1,-1,,28,False,False,,False,both_wrong,vanilla_missing,3,4,rollback,786,2321,,22695
multiarith_0008,math,0,3,3,,3,False,False,,False,both_wrong,vanilla_missing,2,2,early_stop,384,1137,,5324
multiarith_0009,math,3,9,9,,9,False,False,,False,both_wrong,vanilla_missing,2,2,early_stop,390,1125,,7042
multiarith_0010,math,41,19,19,,41,False,False,,True,wrong_to_correct,vanilla_missing,2,2,early_stop,379,1178,,6251
multiarith_0011,math,4,4,4,,4,True,True,,True,both_correct,vanilla_missing,2,2,early_stop,456,1422,,5849
multiarith_0012,math,10,5,10,,10,False,True,,True,both_correct,vanilla_missing,2,2,early_stop,444,1402,,6045
multiarith_0013,math,45,4.5,4.5,,180,False,False,,False,both_wrong,vanilla_missing,2,3,rollback,462,1300,,11215
multiarith_0014,math,2,-21 + -2b,3a - 14,,14,False,False,,False,both_wrong,vanilla_missing,2,3,rollback,424,1241,,12018
multiarith_0015,math,192,48,192,,192,False,True,,True,both_correct,vanilla_missing,2,2,early_stop,468,1339,,6139
multiarith_0016,math,9,8,8,,8,False,False,,False,both_wrong,vanilla_missing,2,2,early_stop,375,1155,,5441
multiarith_0017,math,58,25,25,,25,False,False,,False,both_wrong,vanilla_missing,3,4,rollback,378,1101,,12406
multiarith_0018,math,8,7,7,,7,False,False,,False,both_wrong,vanilla_missing,2,2,early_stop,403,1192,,5427
multiarith_0019,math,40,40,40,,40,True,True,,True,both_correct,vanilla_missing,2,2,early_stop,422,1181,,6451
multiarith_0020,math,71,66,66,,66,False,False,,False,both_wrong,vanilla_missing,2,2,early_stop,523,1404,,7456
multiarith_0021,math,1,-1,-1,,-1,False,False,,False,both_wrong,vanilla_missing,2,2,early_stop,365,1072,,5304
multiarith_0022,math,103,61,61,,61,False,False,,False,both_wrong,vanilla_missing,3,3,early_stop,409,1184,,11437
multiarith_0023,math,-30,-3x - 40,-3x - 40,,40,False,False,,False,both_wrong,vanilla_missing,2,2,early_stop,363,1065,,5120
multiarith_0024,math,0,5,5,,0,False,False,,True,wrong_to_correct,vanilla_missing,2,3,rollback,365,1116,,10145
multiarith_0025,math,3,3,3,,3,True,True,,True,both_correct,vanilla_missing,2,2,early_stop,387,1179,,5175
multiarith_0026,math,200,200,200,,200,True,True,,True,both_correct,vanilla_missing,2,2,early_stop,432,1237,,5622
multiarith_0027,math,12,12,12,,12,True,True,,True,both_correct,vanilla_missing,5,5,early_stop,370,1094,,14804
multiarith_0028,math,1,1,1,,19,True,True,,False,correct_to_wrong,vanilla_missing,2,3,rollback,394,1164,,10800
multiarith_0029,math,95,115,115,,95,False,False,,True,wrong_to_correct,vanilla_missing,2,2,early_stop,462,1351,,6055
multiarith_0030,math,45,45,45,,45,True,True,,True,both_correct,vanilla_missing,2,2,early_stop,402,1157,,5977
multiarith_0031,math,5,-5,5,,5,False,True,,True,both_correct,vanilla_missing,2,2,early_stop,400,1361,,6364
multiarith_0032,math,14,14,14,,14,True,True,,True,both_correct,vanilla_missing,5,5,early_stop,425,1306,,16512
multiarith_0033,math,5,5,5,,5,True,True,,True,both_correct,vanilla_missing,2,2,early_stop,397,1176,,5124
multiarith_0034,math,4,2,2,,2,False,False,,False,both_wrong,vanilla_missing,5,5,early_stop,405,1215,,16143
multiarith_0035,math,729,-10,-10,,-10,False,False,,False,both_wrong,vanilla_missing,2,2,early_stop,431,1394,,7404
multiarith_0036,math,64,30,33,,33,False,False,,False,both_wrong,vanilla_missing,2,2,early_stop,375,1106,,5355
multiarith_0037,math,0,-4.0000,-4.0000,,0,False,False,,True,wrong_to_correct,vanilla_missing,5,5,early_stop,785,2384,,31305
multiarith_0038,math,21,21,21,,21,True,True,,True,both_correct,vanilla_missing,2,2,early_stop,386,1171,,5361
multiarith_0039,math,66,66,60,,66,True,False,,True,wrong_to_correct,vanilla_missing,5,5,early_stop,417,1181,,17659
multiarith_0040,math,11,11.5,5,,11,False,False,,True,wrong_to_correct,vanilla_missing,5,6,rollback,448,1252,,27586
multiarith_0041,math,59,61,61,,59,False,False,,True,wrong_to_correct,vanilla_missing,2,2,early_stop,441,1336,,7202
multiarith_0042,math,1,0,0,,2,False,False,,False,both_wrong,vanilla_missing,2,2,early_stop,376,1136,,5608
multiarith_0043,math,3,3,3,,3,True,True,,True,both_correct,vanilla_missing,5,6,rollback,371,1116,,24630
multiarith_0044,math,-6,-5,-5,,-6,False,False,,True,wrong_to_correct,vanilla_missing,2,2,early_stop,376,1147,,5587
multiarith_0045,math,8,19,19,,10,False,False,,False,both_wrong,vanilla_missing,2,3,rollback,713,2140,,14831
multiarith_0046,math,42,16,42,,42,False,True,,True,both_correct,vanilla_missing,2,2,early_stop,417,1309,,6050
multiarith_0047,math,5,0.006656,2,,2,False,False,,False,both_wrong,vanilla_missing,3,3,early_stop,471,1349,,12011
multiarith_0048,math,169,46,46,,49,False,False,,False,both_wrong,vanilla_missing,2,2,early_stop,420,1279,,5965
multiarith_0049,math,-112,16,16,,16,False,False,,False,both_wrong,vanilla_missing,3,4,rollback,408,1252,,16890
multiarith_0050,math,4,3,3,,3,False,False,,False,both_wrong,vanilla_missing,5,6,rollback,369,1169,,25041
multiarith_0051,math,121,121,121,,121,True,True,,True,both_correct,vanilla_missing,5,5,early_stop,368,1107,,15029
multiarith_0052,math,66,66,66,,66,True,True,,True,both_correct,vanilla_missing,2,2,early_stop,439,1259,,6137
multiarith_0053,math,271,271,271,,271,True,True,,True,both_correct,vanilla_missing,2,2,early_stop,416,1215,,5745
multiarith_0054,math,3,3,3,,3,True,True,,True,both_correct,vanilla_missing,3,3,early_stop,367,1082,,8095
multiarith_0055,math,21,10*1+0=10,10*1+0=10,,21,False,False,,True,wrong_to_correct,vanilla_missing,2,2,early_stop,1269,3722,,11576
multiarith_0056,math,5,5,5,,5,True,True,,True,both_correct,vanilla_missing,2,2,early_stop,433,1197,,5395
multiarith_0057,math,181,181,181,,181,True,True,,True,both_correct,vanilla_missing,2,2,early_stop,387,1137,,5541
multiarith_0058,math,11,11,11,,11,True,True,,True,both_correct,vanilla_missing,2,2,early_stop,397,1184,,5323
multiarith_0059,math,-2,-2,-2,,-2,True,True,,True,both_correct,vanilla_missing,2,2,early_stop,538,1594,,6224
multiarith_0060,math,631,61,61,,61,False,False,,False,both_wrong,vanilla_missing,2,2,early_stop,365,1082,,5133
multiarith_0061,math,233,193,193,,233,False,False,,True,wrong_to_correct,vanilla_missing,3,4,rollback,385,1140,,14104
multiarith_0062,math,5,5,5,,5,True,True,,True,both_correct,vanilla_missing,4,4,early_stop,386,1130,,12607
multiarith_0063,math,48,48,48,,48,True,True,,True,both_correct,vanilla_missing,2,2,early_stop,427,1235,,5804
multiarith_0064,math,486,486,486,,486,True,True,,True,both_correct,vanilla_missing,2,2,early_stop,398,1241,,5445
multiarith_0065,math,5,2,2,,2,False,False,,False,both_wrong,vanilla_missing,4,5,rollback,394,1133,,17953
multiarith_0066,math,99,24.75,99,,24.75,False,True,,False,correct_to_wrong,vanilla_missing,3,4,rollback,537,1473,,19143
multiarith_0067,math,0,-1,-1,,0,False,False,,True,wrong_to_correct,vanilla_missing,5,6,rollback,500,1447,,24420
multiarith_0068,math,3,2,4,,2,False,False,,False,both_wrong,vanilla_missing,3,4,rollback,463,1376,,15820
multiarith_0069,math,6,6,6,,6,True,True,,True,both_correct,vanilla_missing,2,2,early_stop,396,1192,,5334
multiarith_0070,math,9,9,9,,9,True,True,,True,both_correct,vanilla_missing,3,4,rollback,437,1278,,15146
multiarith_0071,math,16,10,8,,8,False,False,,False,both_wrong,vanilla_missing,2,2,early_stop,392,1200,,5456
multiarith_0072,math,4,-7,-7,,-7,False,False,,False,both_wrong,vanilla_missing,2,2,early_stop,399,1220,,5806
multiarith_0073,math,12,12,12,,12,True,True,,True,both_correct,vanilla_missing,2,2,early_stop,446,1265,,5861
multiarith_0074,math,3,5,5,,3,False,False,,True,wrong_to_correct,vanilla_missing,2,2,early_stop,374,1154,,5409
multiarith_0075,math,-3,-5,-3,,-3,False,True,,True,both_correct,vanilla_missing,2,2,early_stop,370,1088,,5362
multiarith_0076,math,10,2,2,,3,False,False,,False,both_wrong,vanilla_missing,2,2,early_stop,388,1144,,5621
multiarith_0077,math,24,30,30,,30,False,False,,False,both_wrong,vanilla_missing,2,2,early_stop,403,1298,,6093
multiarith_0078,math,255,15,15,,255,False,False,,True,wrong_to_correct,vanilla_missing,3,4,rollback,359,1068,,13411
multiarith_0079,math,1,1,1,,1,True,True,,True,both_correct,vanilla_missing,2,2,early_stop,431,1265,,5436
multiarith_0080,math,82,26,26,,82,False,False,,True,wrong_to_correct,vanilla_missing,2,2,early_stop,373,1141,,5610
multiarith_0001,multiarith,39.0,49,49,49,39,False,False,False,True,wrong_to_correct,wrong_to_correct,2,2,early_stop,394,1183,7432.0,5524
multiarith_0002,multiarith,8.0,8,8,8,8,True,True,True,True,both_correct,both_correct,2,2,early_stop,393,1164,7225.0,5127
multiarith_0003,multiarith,2.0,2,2,4,2,True,True,False,True,both_correct,wrong_to_correct,2,2,early_stop,400,1180,7453.0,5100
multiarith_0004,multiarith,40.0,40,40,40,40,True,True,True,True,both_correct,both_correct,2,2,early_stop,398,1135,7284.0,5273
multiarith_0005,multiarith,3.0,13,13,13,13,False,False,False,False,both_wrong,both_wrong,2,2,early_stop,391,1158,7282.0,5454
multiarith_0006,multiarith,7.0,17,17,17,7,False,False,False,True,wrong_to_correct,wrong_to_correct,3,4,rollback,393,1174,7455.0,13667
multiarith_0007,multiarith,19.0,19,19,19,19,True,True,True,True,both_correct,both_correct,2,2,early_stop,371,1095,7042.0,5030
multiarith_0008,multiarith,2.0,2,2,12,2,True,True,False,True,both_correct,wrong_to_correct,2,2,early_stop,404,1179,7350.0,5261
multiarith_0009,multiarith,11.0,21,11,11,11,False,True,True,True,both_correct,both_correct,2,2,early_stop,395,1180,7427.0,5277
multiarith_0010,multiarith,1.0,1,13,13,1,True,False,False,True,wrong_to_correct,wrong_to_correct,3,3,early_stop,402,1133,7388.0,10604
multiarith_0011,multiarith,66.0,66,66,66,66,True,True,True,True,both_correct,both_correct,2,2,early_stop,407,1144,7428.0,5183
multiarith_0012,multiarith,9.0,9,9,1,9,True,True,False,True,both_correct,wrong_to_correct,3,3,early_stop,407,1209,7544.0,8755
multiarith_0013,multiarith,22.0,22,22,22,22,True,True,True,True,both_correct,both_correct,2,2,early_stop,405,1170,7339.0,5196
multiarith_0014,multiarith,2.0,2,2,2,2,True,True,True,True,both_correct,both_correct,2,2,early_stop,404,1181,7318.0,5266
multiarith_0015,multiarith,15.0,8,8,5,8,False,False,False,False,both_wrong,both_wrong,2,3,rollback,374,1103,7130.0,9087
multiarith_0016,multiarith,2.0,2,2,2,2,True,True,True,True,both_correct,both_correct,2,2,early_stop,396,1173,7121.0,5103
multiarith_0017,multiarith,14.0,14,14,14,14,True,True,True,True,both_correct,both_correct,2,2,early_stop,423,1244,7610.0,5371
multiarith_0018,multiarith,86.0,86,86,86,86,True,True,True,True,both_correct,both_correct,2,2,early_stop,417,1213,7604.0,5297
multiarith_0019,multiarith,50.0,50,50,50,50,True,True,True,True,both_correct,both_correct,2,2,early_stop,404,1150,7420.0,5210
multiarith_0020,multiarith,25.0,25,25,35,25,True,True,False,True,both_correct,wrong_to_correct,2,2,early_stop,412,1205,7540.0,5287
multiarith_0021,multiarith,4.0,4,4,4,4,True,True,True,True,both_correct,both_correct,2,2,early_stop,401,1203,7448.0,5258
multiarith_0022,multiarith,68.0,68,68,28,68,True,True,False,True,both_correct,wrong_to_correct,2,2,early_stop,384,1123,7808.0,5280
multiarith_0023,multiarith,6.0,8,8,10,6,False,False,False,True,wrong_to_correct,wrong_to_correct,2,2,early_stop,392,1176,7514.0,5402
multiarith_0024,multiarith,19.0,19,19,19,19,True,True,True,True,both_correct,both_correct,2,2,early_stop,368,1095,7120.0,4996
multiarith_0025,multiarith,55.0,55,55,55,55,True,True,True,True,both_correct,both_correct,2,2,early_stop,395,1128,7296.0,5141
multiarith_0026,multiarith,34.0,34,34,14,34,True,True,False,True,both_correct,wrong_to_correct,2,2,early_stop,373,1108,7384.0,5053
multiarith_0027,multiarith,12.0,12,12,2,12,True,True,False,True,both_correct,wrong_to_correct,2,2,early_stop,398,1178,7162.0,5328
multiarith_0028,multiarith,16.0,16,16,16,16,True,True,True,True,both_correct,both_correct,2,2,early_stop,393,1168,7455.0,5245
multiarith_0029,multiarith,73.0,73,73,7,73,True,True,False,True,both_correct,wrong_to_correct,2,3,rollback,409,1177,7329.0,9979
multiarith_0030,multiarith,17.0,17,17,52,17,True,True,False,True,both_correct,wrong_to_correct,2,2,early_stop,405,1188,7310.0,5290
multiarith_0031,multiarith,18.0,18,18,18,18,True,True,True,True,both_correct,both_correct,2,2,early_stop,375,1154,7185.0,5106
multiarith_0032,multiarith,41.0,41,41,22,41,True,True,False,True,both_correct,wrong_to_correct,2,2,early_stop,416,1196,7731.0,5536
multiarith_0033,multiarith,7.0,7,7,-8,7,True,True,False,True,both_correct,wrong_to_correct,2,2,early_stop,415,1231,7581.0,5339
multiarith_0034,multiarith,36.0,36,36,26,36,True,True,False,True,both_correct,wrong_to_correct,2,2,early_stop,400,1162,7400.0,5379
multiarith_0035,multiarith,63.0,63,63,63,63,True,True,True,True,both_correct,both_correct,2,2,early_stop,390,1143,7497.0,5114
multiarith_0036,multiarith,13.0,13,13,14,13,True,True,False,True,both_correct,wrong_to_correct,2,2,early_stop,410,1198,7486.0,5280
multiarith_0037,multiarith,56.0,56,56,54,56,True,True,False,True,both_correct,wrong_to_correct,2,2,early_stop,409,1208,7507.0,5311
multiarith_0038,multiarith,15.0,15,15,15,15,True,True,True,True,both_correct,both_correct,4,4,early_stop,371,1111,7146.0,11759
multiarith_0039,multiarith,5.0,5,15,15,5,True,False,False,True,wrong_to_correct,wrong_to_correct,2,2,early_stop,404,1135,7240.0,5416
multiarith_0040,multiarith,24.0,24,24,24,24,True,True,True,True,both_correct,both_correct,2,2,early_stop,395,1187,7461.0,5340
multiarith_0041,multiarith,15.0,15,15,28,15,True,True,False,True,both_correct,wrong_to_correct,2,3,rollback,405,1194,7381.0,9890
multiarith_0042,multiarith,14.0,14,14,14,14,True,True,True,True,both_correct,both_correct,2,2,early_stop,400,1178,7114.0,5292
multiarith_0043,multiarith,1.0,1,1,1,1,True,True,True,True,both_correct,both_correct,2,2,early_stop,371,1098,7087.0,5007
multiarith_0044,multiarith,1.0,-9,-9,-9,1,False,False,False,True,wrong_to_correct,wrong_to_correct,2,2,early_stop,416,1210,7569.0,5429
multiarith_0045,multiarith,11.0,11,12,9,11,True,False,False,True,wrong_to_correct,wrong_to_correct,4,5,rollback,378,1110,7292.0,16544
multiarith_0046,multiarith,35.0,35,35,35,35,True,True,True,True,both_correct,both_correct,2,2,early_stop,404,1165,7239.0,5186
multiarith_0047,multiarith,16.0,16,16,8,16,True,True,False,True,both_correct,wrong_to_correct,2,2,early_stop,412,1148,7263.0,5376
multiarith_0048,multiarith,4.0,4,4,4,4,True,True,True,True,both_correct,both_correct,3,3,early_stop,394,1163,7269.0,8525
multiarith_0049,multiarith,7.0,7,7,7,7,True,True,True,True,both_correct,both_correct,3,3,early_stop,410,1205,7433.0,9057
multiarith_0050,multiarith,54.0,54,54,54,54,True,True,True,True,both_correct,both_correct,2,2,early_stop,375,1131,7242.0,5072
multiarith_0051,multiarith,15.0,15,15,20,15,True,True,False,True,both_correct,wrong_to_correct,2,3,rollback,405,1194,7408.0,9261
multiarith_0052,multiarith,14.0,14,14,14,14,True,True,True,True,both_correct,both_correct,2,2,early_stop,400,1177,7091.0,5143
multiarith_0053,multiarith,1.0,1,1,1,1,True,True,True,True,both_correct,both_correct,3,4,rollback,371,1110,7176.0,12147
multiarith_0054,multiarith,1.0,-9,-9,-21,-9,False,False,False,False,both_wrong,both_wrong,2,2,early_stop,416,1214,7569.0,5415
multiarith_0055,multiarith,11.0,12,12,9,11,False,False,False,True,wrong_to_correct,wrong_to_correct,2,2,early_stop,375,1108,7296.0,5455
multiarith_0056,multiarith,35.0,35,35,35,35,True,True,True,True,both_correct,both_correct,2,3,rollback,400,1189,7248.0,10611
multiarith_0057,multiarith,16.0,16,16,16,16,True,True,True,True,both_correct,both_correct,3,3,early_stop,376,1112,7294.0,8567
multiarith_0058,multiarith,4.0,4,4,4,4,True,True,True,True,both_correct,both_correct,2,2,early_stop,394,1165,7269.0,5143
multiarith_0059,multiarith,7.0,7,7,7,7,True,True,True,True,both_correct,both_correct,2,2,early_stop,408,1186,7455.0,5181
multiarith_0060,multiarith,54.0,54,54,54,54,True,True,True,True,both_correct,both_correct,2,2,early_stop,397,1154,7196.0,5054
multiarith_0061,multiarith,4.0,4,4,7,4,True,True,False,True,both_correct,wrong_to_correct,2,3,rollback,400,1188,7356.0,10193
multiarith_0062,multiarith,33.0,33,33,23,33,True,True,False,True,both_correct,wrong_to_correct,2,2,early_stop,401,1187,7280.0,5142
multiarith_0063,multiarith,23.0,23,23,23,23,True,True,True,True,both_correct,both_correct,2,2,early_stop,401,1169,7308.0,5709
multiarith_0064,multiarith,9.0,9,9,5,9,True,True,False,True,both_correct,wrong_to_correct,2,2,early_stop,400,1185,7300.0,5185
multiarith_0065,multiarith,24.0,24,29,24,24,True,False,True,True,wrong_to_correct,both_correct,2,2,early_stop,407,1168,7344.0,5541
multiarith_0066,multiarith,28.0,28,28,28,28,True,True,True,True,both_correct,both_correct,2,2,early_stop,398,1169,7214.0,5213
multiarith_0067,multiarith,15.0,15,15,15,15,True,True,True,True,both_correct,both_correct,2,2,early_stop,410,1205,7510.0,5307
multiarith_0068,multiarith,8.0,8,8,8,8,True,True,True,True,both_correct,both_correct,2,2,early_stop,367,1134,6984.0,5359
multiarith_0069,multiarith,47.0,47,47,50,47,True,True,False,True,both_correct,wrong_to_correct,2,2,early_stop,394,1167,7286.0,5276
multiarith_0070,multiarith,51.0,51,51,33,51,True,True,False,True,both_correct,wrong_to_correct,3,4,rollback,407,1204,7503.0,13399
multiarith_0071,multiarith,53.0,53,53,49,53,True,True,False,True,both_correct,wrong_to_correct,2,2,early_stop,405,1194,7410.0,5364
multiarith_0072,multiarith,20.0,20,20,20,20,True,True,True,True,both_correct,both_correct,2,2,early_stop,373,1133,7337.0,5040
multiarith_0073,multiarith,31.0,31,31,31,31,True,True,True,True,both_correct,both_correct,2,2,early_stop,404,1193,7366.0,5361
multiarith_0074,multiarith,22.0,22,22,6,22,True,True,False,True,both_correct,wrong_to_correct,2,2,early_stop,397,1177,7021.0,5261
multiarith_0075,multiarith,39.0,39,39,49,39,True,True,False,True,both_correct,wrong_to_correct,2,2,early_stop,405,1193,7336.0,5322
multiarith_0076,multiarith,14.0,14,14,14,14,True,True,True,True,both_correct,both_correct,2,2,early_stop,394,1181,7515.0,5353
multiarith_0077,multiarith,15.0,15,15,15,15,True,True,True,True,both_correct,both_correct,2,2,early_stop,410,1226,7572.0,5462
multiarith_0078,multiarith,30.0,30,30,30,30,True,True,True,True,both_correct,both_correct,3,3,early_stop,404,1129,7241.0,8771
multiarith_0079,multiarith,34.0,34,34,32,34,True,True,False,True,both_correct,wrong_to_correct,2,2,early_stop,401,1187,7326.0,5132
multiarith_0080,multiarith,50.0,50,50,46,50,True,True,False,True,both_correct,wrong_to_correct,2,2,early_stop,422,1185,7370.0,5515
singleeq_0001,singleeq,43.0,43,43,43,43,True,True,True,True,both_correct,both_correct,2,2,early_stop,389,1134,7243.0,5105
singleeq_0002,singleeq,26.0,26,26,26,26,True,True,True,True,both_correct,both_correct,2,2,early_stop,384,1137,7316.0,5034
singleeq_0003,singleeq,135.0,135,135,135,135,True,True,True,True,both_correct,both_correct,5,5,early_stop,382,1147,7293.0,14940
singleeq_0004,singleeq,6.0,6,6,6,6,True,True,True,True,both_correct,both_correct,5,5,early_stop,391,1107,7041.0,15051
singleeq_0005,singleeq,8.0,8,8,8,8,True,True,True,True,both_correct,both_correct,5,5,early_stop,384,1127,7146.0,15112
singleeq_0006,singleeq,33.0,33,33,33,33,True,True,True,True,both_correct,both_correct,2,2,early_stop,384,1137,7344.0,5042
singleeq_0007,singleeq,52.0,52,52,52,52,True,True,True,True,both_correct,both_correct,2,2,early_stop,385,1140,7319.0,5030
singleeq_0008,singleeq,10.0,10,10,10,10,True,True,True,True,both_correct,both_correct,2,2,early_stop,372,1104,7098.0,4973
singleeq_0009,singleeq,5.0,10,10,4,10,False,False,False,False,both_wrong,both_wrong,2,3,rollback,387,1145,7212.0,9402
singleeq_0010,singleeq,64.0,68,68,68,68,False,False,False,False,both_wrong,both_wrong,2,3,rollback,429,1252,7528.0,11881
singleeq_0011,singleeq,8.0,8,8,16,8,True,True,False,True,both_correct,wrong_to_correct,2,3,rollback,409,1237,7545.0,10167
singleeq_0012,singleeq,52.0,52,52,54,52,True,True,False,True,both_correct,wrong_to_correct,3,3,early_stop,392,1156,7146.0,9852
singleeq_0013,singleeq,7.0,8,8,8,7,False,False,False,True,wrong_to_correct,wrong_to_correct,3,4,rollback,378,1118,7348.0,14220
singleeq_0014,singleeq,9.0,9,9,10,9,True,True,False,True,both_correct,wrong_to_correct,4,4,early_stop,386,1150,7613.0,11567
singleeq_0015,singleeq,53.0,53,53,53,53,True,True,True,True,both_correct,both_correct,3,4,rollback,388,1149,7343.0,15277
singleeq_0016,singleeq,14.0,10,14,14,14,False,True,True,True,both_correct,both_correct,2,2,early_stop,406,1205,7267.0,5634
singleeq_0017,singleeq,21.0,21,21,23,21,True,True,False,True,both_correct,wrong_to_correct,2,2,early_stop,422,1213,7196.0,5666
singleeq_0018,singleeq,13.0,13,13,13,13,True,True,True,True,both_correct,both_correct,3,3,early_stop,369,1092,7080.0,8401
singleeq_0019,singleeq,17.0,17,17,17,17,True,True,True,True,both_correct,both_correct,2,2,early_stop,360,1065,6780.0,4856
singleeq_0020,singleeq,10.0,10,10,10,10,True,True,True,True,both_correct,both_correct,2,2,early_stop,369,1097,6962.0,5051
singleeq_0021,singleeq,16.0,16,16,16,16,True,True,True,True,both_correct,both_correct,3,3,early_stop,366,1075,6974.0,8084
singleeq_0022,singleeq,12.0,12,12,12,12,True,True,True,True,both_correct,both_correct,2,2,early_stop,374,1109,7140.0,5014
singleeq_0023,singleeq,15.0,15,15,15,15,True,True,True,True,both_correct,both_correct,5,5,early_stop,358,1063,6799.0,14627
singleeq_0024,singleeq,5.0,5,5,5,5,True,True,True,True,both_correct,both_correct,2,2,early_stop,379,1088,6789.0,4925
singleeq_0025,singleeq,14.0,14,14,14,14,True,True,True,True,both_correct,both_correct,2,2,early_stop,367,1088,7047.0,4856
singleeq_0026,singleeq,9.0,9,9,9,9,True,True,True,True,both_correct,both_correct,2,2,early_stop,357,1056,6687.0,4795
singleeq_0027,singleeq,11.0,11,11,11,11,True,True,True,True,both_correct,both_correct,2,2,early_stop,376,1080,6914.0,5050
singleeq_0028,singleeq,21.0,21,21,21,21,True,True,True,True,both_correct,both_correct,2,2,early_stop,376,1112,7073.0,4969
singleeq_0029,singleeq,18.0,18,18,18,18,True,True,True,True,both_correct,both_correct,2,2,early_stop,385,1118,7021.0,5100
singleeq_0030,singleeq,16.0,16,16,16,16,True,True,True,True,both_correct,both_correct,2,2,early_stop,368,1089,6960.0,4883
singleeq_0031,singleeq,19.0,19,20,19,20,True,False,True,False,both_wrong,correct_to_wrong,2,2,early_stop,377,1116,7132.0,5152
singleeq_0032,singleeq,14.0,14,14,14,14,True,True,True,True,both_correct,both_correct,3,3,early_stop,375,1110,7092.0,8298
singleeq_0033,singleeq,16.0,16,16,16,16,True,True,True,True,both_correct,both_correct,2,2,early_stop,372,1100,6996.0,4917
singleeq_0034,singleeq,12.0,12,13,12,12,True,False,True,True,wrong_to_correct,both_correct,3,3,early_stop,387,1139,7167.0,10810
singleeq_0035,singleeq,18.0,18,18,18,18,True,True,True,True,both_correct,both_correct,2,2,early_stop,365,1081,6903.0,4854
singleeq_0036,singleeq,65.0,65,65,65,65,True,True,True,True,both_correct,both_correct,2,2,early_stop,369,1090,6957.0,4876
singleeq_0037,singleeq,56.0,56,56,56,56,True,True,True,True,both_correct,both_correct,5,5,early_stop,367,1086,6942.0,14632
singleeq_0038,singleeq,41.0,41,41,41,41,True,True,True,True,both_correct,both_correct,2,2,early_stop,357,1058,6871.0,4805
singleeq_0039,singleeq,74.0,74,74,74,74,True,True,True,True,both_correct,both_correct,2,2,early_stop,383,1091,6884.0,5047
singleeq_0040,singleeq,77.0,77,77,77,77,True,True,True,True,both_correct,both_correct,2,2,early_stop,382,1127,7034.0,5011
singleeq_0041,singleeq,70.0,70,70,70,70,True,True,True,True,both_correct,both_correct,2,2,early_stop,388,1105,6890.0,5069
singleeq_0042,singleeq,71.0,71,71,71,71,True,True,True,True,both_correct,both_correct,2,2,early_stop,365,1076,6907.0,4944
singleeq_0043,singleeq,48.0,48,48,48,48,True,True,True,True,both_correct,both_correct,3,3,early_stop,373,1081,7036.0,8256
singleeq_0044,singleeq,81.0,81,81,81,81,True,True,True,True,both_correct,both_correct,2,2,early_stop,362,1070,6943.0,4867
singleeq_0045,singleeq,82.0,82,82,82,82,True,True,True,True,both_correct,both_correct,5,5,early_stop,365,1076,6886.0,14328
singleeq_0046,singleeq,43.0,43,43,43,43,True,True,True,True,both_correct,both_correct,2,2,early_stop,370,1095,7050.0,4927
singleeq_0047,singleeq,59.0,59,59,59,59,True,True,True,True,both_correct,both_correct,2,2,early_stop,368,1082,6913.0,4845
singleeq_0048,singleeq,100.0,100,100,100,100,True,True,True,True,both_correct,both_correct,2,2,early_stop,388,1156,7330.0,5241
singleeq_0049,singleeq,67.0,67,67,67,67,True,True,True,True,both_correct,both_correct,2,2,early_stop,366,1085,7038.0,4873
singleeq_0050,singleeq,105.0,105,105,105,105,True,True,True,True,both_correct,both_correct,2,2,early_stop,380,1117,7172.0,5097
singleeq_0051,singleeq,65.0,65,65,65,65,True,True,True,True,both_correct,both_correct,2,2,early_stop,378,1119,7163.0,4987
singleeq_0052,singleeq,83.0,83,83,83,83,True,True,True,True,both_correct,both_correct,5,5,early_stop,380,1138,7193.0,14895
singleeq_0053,singleeq,104.0,104,104,104,104,True,True,True,True,both_correct,both_correct,5,5,early_stop,374,1107,7170.0,14758
singleeq_0054,singleeq,88.0,88,88,88,88,True,True,True,True,both_correct,both_correct,4,4,early_stop,366,1083,7061.0,11556
singleeq_0055,singleeq,44.0,44,44,44,44,True,True,True,True,both_correct,both_correct,2,2,early_stop,387,1130,7285.0,5171
singleeq_0056,singleeq,78.0,78,78,68,78,True,True,False,True,both_correct,wrong_to_correct,4,5,rollback,375,1141,7176.0,16465
singleeq_0057,singleeq,21.0,21,21,21,21,True,True,True,True,both_correct,both_correct,2,2,early_stop,380,1128,7295.0,5016
singleeq_0058,singleeq,3.0,3,3,3,3,True,True,True,True,both_correct,both_correct,3,3,early_stop,374,1106,6943.0,8136
singleeq_0059,singleeq,11.0,11,11,11,11,True,True,True,True,both_correct,both_correct,2,2,early_stop,384,1137,7356.0,5015
singleeq_0060,singleeq,34.0,34,34,34,34,True,True,True,True,both_correct,both_correct,2,2,early_stop,388,1131,7089.0,5054
singleeq_0061,singleeq,42.0,42,42,42,42,True,True,True,True,both_correct,both_correct,2,2,early_stop,386,1143,7340.0,5053
singleeq_0062,singleeq,34.0,34,34,34,34,True,True,True,True,both_correct,both_correct,2,2,early_stop,382,1132,7319.0,4997
singleeq_0063,singleeq,11.0,11,11,11,11,True,True,True,True,both_correct,both_correct,2,2,early_stop,376,1107,7203.0,4960
singleeq_0064,singleeq,12.0,12,12,12,12,True,True,True,True,both_correct,both_correct,2,2,early_stop,371,1099,7038.0,5105
singleeq_0065,singleeq,23.0,23,23,23,23,True,True,True,True,both_correct,both_correct,2,2,early_stop,384,1133,7316.0,5031
singleeq_0066,singleeq,13.0,13,13,13,13,True,True,True,True,both_correct,both_correct,5,5,early_stop,358,1060,6777.0,14163
singleeq_0067,singleeq,12.0,12,12,12,12,True,True,True,True,both_correct,both_correct,2,2,early_stop,383,1103,6884.0,5080
singleeq_0068,singleeq,9.0,9,9,9,9,True,True,True,True,both_correct,both_correct,2,2,early_stop,372,1097,6888.0,4867
singleeq_0069,singleeq,3.0,3,3,3,3,True,True,True,True,both_correct,both_correct,2,2,early_stop,364,1077,6882.0,4863
singleeq_0070,singleeq,3.0,3,3,3,3,True,True,True,True,both_correct,both_correct,2,2,early_stop,367,1086,6837.0,4892
singleeq_0071,singleeq,16.0,16,16,16,16,True,True,True,True,both_correct,both_correct,5,5,early_stop,378,1093,6939.0,14785
singleeq_0072,singleeq,15.0,15,15,15,15,True,True,True,True,both_correct,both_correct,5,5,early_stop,358,1059,6789.0,14507
singleeq_0073,singleeq,6.0,6,6,6,6,True,True,True,True,both_correct,both_correct,2,2,early_stop,363,1056,6912.0,4825
singleeq_0074,singleeq,4.0,4,4,4,4,True,True,True,True,both_correct,both_correct,2,2,early_stop,381,1128,7078.0,4990
singleeq_0075,singleeq,6.0,6,6,6,6,True,True,True,True,both_correct,both_correct,2,2,early_stop,357,1067,6794.0,4962
singleeq_0076,singleeq,83.0,83,83,83,83,True,True,True,True,both_correct,both_correct,3,3,early_stop,382,1133,7080.0,8327
singleeq_0077,singleeq,72.0,72,72,72,72,True,True,True,True,both_correct,both_correct,3,3,early_stop,367,1086,6909.0,8100
singleeq_0078,singleeq,25.0,25,25,25,25,True,True,True,True,both_correct,both_correct,2,2,early_stop,364,1077,6888.0,4877
singleeq_0079,singleeq,17.0,17,17,17,17,True,True,True,True,both_correct,both_correct,2,2,early_stop,385,1112,6951.0,5052
singleeq_0080,singleeq,42.0,42,42,42,42,True,True,True,True,both_correct,both_correct,2,2,early_stop,359,1060,6884.0,4783
svamp_0001,svamp,145,145,145,10,145,True,True,False,True,both_correct,wrong_to_correct,2,2,early_stop,381,1125,7298.0,5066
svamp_0002,svamp,19,19,19,19,19,True,True,True,True,both_correct,both_correct,2,2,early_stop,371,1098,7122.0,5042
svamp_0003,svamp,3,3,3,3,3,True,True,True,True,both_correct,both_correct,2,2,early_stop,381,1129,7064.0,5171
svamp_0004,svamp,198,198,198,198,198,True,True,True,True,both_correct,both_correct,2,2,early_stop,387,1160,7537.0,5178
svamp_0005,svamp,63,63,63,63,63,True,True,True,True,both_correct,both_correct,2,2,early_stop,358,1067,7029.0,4845
svamp_0006,svamp,322,322,322,322,322,True,True,True,True,both_correct,both_correct,2,2,early_stop,396,1166,7407.0,5159
svamp_0007,svamp,30,30,30,30,30,True,True,True,True,both_correct,both_correct,2,2,early_stop,381,1128,7315.0,5047
svamp_0008,svamp,192,192,192,192,192,True,True,True,True,both_correct,both_correct,2,2,early_stop,390,1115,7002.0,5006
svamp_0009,svamp,26,26,26,26,26,True,True,True,True,both_correct,both_correct,5,5,early_stop,393,1157,7270.0,14951
svamp_0010,svamp,17,17,17,17,17,True,True,True,True,both_correct,both_correct,2,2,early_stop,369,1097,7116.0,4977
svamp_0011,svamp,1,1,26,27,26,True,False,False,False,both_wrong,both_wrong,5,6,rollback,429,1178,7503.0,23372
svamp_0012,svamp,20,22,22,26,22,False,False,False,False,both_wrong,both_wrong,2,3,rollback,388,1161,7497.0,10146
svamp_0013,svamp,4,4,4,4,4,True,True,True,True,both_correct,both_correct,2,2,early_stop,361,1064,6780.0,4808
svamp_0014,svamp,2,2,2,2,2,True,True,True,True,both_correct,both_correct,2,2,early_stop,403,1203,7453.0,5473
svamp_0015,svamp,7,7,7,7,7,True,True,True,True,both_correct,both_correct,2,2,early_stop,362,1071,6925.0,4865
svamp_0016,svamp,70,70,70,70,70,True,True,True,True,both_correct,both_correct,2,2,early_stop,386,1162,7362.0,5328
svamp_0017,svamp,345,315,315,330,345,False,False,False,True,wrong_to_correct,wrong_to_correct,2,2,early_stop,384,1137,7627.0,5696
svamp_0018,svamp,266,56,47,27,47,False,False,False,False,both_wrong,both_wrong,2,3,rollback,603,1397,8220.0,9959
svamp_0019,svamp,54,54,54,54,54,True,True,True,True,both_correct,both_correct,2,2,early_stop,370,1108,7132.0,5111
svamp_0020,svamp,807,807,797,807,807,True,False,True,True,wrong_to_correct,both_correct,3,3,early_stop,368,1079,6995.0,9557
svamp_0021,svamp,3,3,3,3,3,True,True,True,True,both_correct,both_correct,3,3,early_stop,377,1120,7157.0,8280
svamp_0022,svamp,12,12,12,12,12,True,True,True,True,both_correct,both_correct,2,2,early_stop,398,1170,7577.0,5192
svamp_0023,svamp,23,10,10,13,10,False,False,False,False,both_wrong,both_wrong,3,4,rollback,381,1132,7203.0,15884
svamp_0024,svamp,31,31,31,31,31,True,True,True,True,both_correct,both_correct,2,2,early_stop,388,1130,7109.0,5160
svamp_0025,svamp,1201565,1201587,1201587,1211565,1201587,False,False,False,False,both_wrong,both_wrong,3,4,rollback,434,1242,7851.0,13595
svamp_0026,svamp,89,89,89,89,89,True,True,True,True,both_correct,both_correct,2,2,early_stop,366,1083,7091.0,4906
svamp_0027,svamp,574,17,17,540,17,False,False,False,False,both_wrong,both_wrong,2,2,early_stop,390,1140,7276.0,5233
svamp_0028,svamp,8,8,8,8,8,True,True,True,True,both_correct,both_correct,2,2,early_stop,416,1212,7355.0,7011
svamp_0029,svamp,146,146,146,102,146,True,True,False,True,both_correct,wrong_to_correct,4,4,early_stop,400,1164,7480.0,12772
svamp_0030,svamp,1,1,1,6,1,True,True,False,True,both_correct,wrong_to_correct,2,2,early_stop,444,1272,7686.0,5960
svamp_0031,svamp,14,14,14,14,14,True,True,True,True,both_correct,both_correct,2,2,early_stop,387,1140,7074.0,5217
svamp_0032,svamp,2,2,2,2,2,True,True,True,True,both_correct,both_correct,2,2,early_stop,380,1125,7159.0,4992
svamp_0033,svamp,7,7,7,7,7,True,True,True,True,both_correct,both_correct,2,2,early_stop,395,1165,7277.0,5146
svamp_0034,svamp,12,35,35,12,35,False,False,True,False,both_wrong,correct_to_wrong,3,4,rollback,419,1240,7783.0,17667
svamp_0035,svamp,21,21,21,21,21,True,True,True,True,both_correct,both_correct,4,4,early_stop,381,1124,7184.0,11531
svamp_0036,svamp,14,14,14,24,14,True,True,False,True,both_correct,wrong_to_correct,2,2,early_stop,388,1147,7227.0,5400
svamp_0037,svamp,2,2,2,2,2,True,True,True,True,both_correct,both_correct,2,2,early_stop,381,1124,7133.0,4991
svamp_0038,svamp,51,51,51,51,51,True,True,True,True,both_correct,both_correct,2,2,early_stop,358,1064,6994.0,4937
svamp_0039,svamp,2,2,2,2,2,True,True,True,True,both_correct,both_correct,2,2,early_stop,365,1079,7046.0,4849
svamp_0040,svamp,15,10,10,15,10,False,False,True,False,both_wrong,correct_to_wrong,2,3,rollback,399,1132,7395.0,9773
svamp_0041,svamp,20,20,20,20,20,True,True,True,True,both_correct,both_correct,2,2,early_stop,367,1086,7029.0,4912
svamp_0042,svamp,3,3,3,3,3,True,True,True,True,both_correct,both_correct,3,3,early_stop,375,1123,7171.0,8284
svamp_0043,svamp,7,7,7,7,7,True,True,True,True,both_correct,both_correct,2,2,early_stop,393,1148,7154.0,5125
svamp_0044,svamp,42,42,42,42,42,True,True,True,True,both_correct,both_correct,2,2,early_stop,363,1068,6813.0,4886
svamp_0045,svamp,756,756,756,756,756,True,True,True,True,both_correct,both_correct,2,2,early_stop,384,1122,7268.0,5047
svamp_0046,svamp,11,11,11,11,11,True,True,True,True,both_correct,both_correct,2,2,early_stop,396,1173,7392.0,5118
svamp_0047,svamp,5,-2,-2,6,2,False,False,False,False,both_wrong,both_wrong,2,3,rollback,457,1265,7577.0,11698
svamp_0048,svamp,12,12,12,28,12,True,True,False,True,both_correct,wrong_to_correct,2,2,early_stop,431,1214,7568.0,5705
svamp_0049,svamp,65,65,65,65,65,True,True,True,True,both_correct,both_correct,2,2,early_stop,375,1135,7382.0,5480
svamp_0050,svamp,1,1,1,1,1,True,True,True,True,both_correct,both_correct,2,2,early_stop,379,1112,7022.0,4937
svamp_0051,svamp,111,111,111,111,111,True,True,True,True,both_correct,both_correct,2,2,early_stop,376,1113,7329.0,5083
svamp_0052,svamp,1,1,1,1,1,True,True,True,True,both_correct,both_correct,2,2,early_stop,386,1101,7038.0,5029
svamp_0053,svamp,27,27,27,27,27,True,True,True,True,both_correct,both_correct,2,2,early_stop,402,1229,7446.0,5428
svamp_0054,svamp,4,4,4,4,4,True,True,True,True,both_correct,both_correct,2,2,early_stop,371,1090,6963.0,4957
svamp_0055,svamp,17,17,17,17,17,True,True,True,True,both_correct,both_correct,2,2,early_stop,394,1167,7451.0,5193
svamp_0056,svamp,13,13,13,13,13,True,True,True,True,both_correct,both_correct,3,3,early_stop,376,1106,7030.0,8226
svamp_0057,svamp,10,10,10,10,10,True,True,True,True,both_correct,both_correct,2,2,early_stop,392,1157,7107.0,5203
svamp_0058,svamp,77,77,77,77,77,True,True,True,True,both_correct,both_correct,2,2,early_stop,393,1163,7482.0,5378
svamp_0059,svamp,1092,54,54,14,5400,False,False,False,False,both_wrong,both_wrong,5,6,rollback,415,1229,8187.0,20325
svamp_0060,svamp,5,5,7,5,7,True,False,True,False,both_wrong,correct_to_wrong,2,2,early_stop,409,1231,7603.0,5629
svamp_0061,svamp,7,7,7,7,7,True,True,True,True,both_correct,both_correct,2,2,early_stop,380,1125,7179.0,5007
svamp_0062,svamp,45,45,45,45,45,True,True,True,True,both_correct,both_correct,2,2,early_stop,446,1274,7625.0,5577
svamp_0063,svamp,10,8,8,10,8,False,False,True,False,both_wrong,correct_to_wrong,2,3,rollback,382,1120,7132.0,9640
svamp_0064,svamp,52,52,52,88,52,True,True,False,True,both_correct,wrong_to_correct,2,2,early_stop,400,1205,7649.0,5368
svamp_0065,svamp,2,2,2,2,2,True,True,True,True,both_correct,both_correct,3,4,rollback,394,1179,7523.0,12559
svamp_0066,svamp,6,6,16,16,16,True,False,False,False,both_wrong,both_wrong,2,2,early_stop,401,1156,7157.0,5682
svamp_0067,svamp,16,16,16,16,16,True,True,True,True,both_correct,both_correct,2,2,early_stop,394,1140,7097.0,5186
svamp_0068,svamp,469,469,469,469,469,True,True,True,True,both_correct,both_correct,2,2,early_stop,417,1192,7290.0,5503
svamp_0069,svamp,12518,12518,12518,12518,12518,True,True,True,True,both_correct,both_correct,4,4,early_stop,379,1125,7315.0,11704
svamp_0070,svamp,1,1,1,1,1,True,True,True,True,both_correct,both_correct,3,3,early_stop,365,1084,6951.0,8074
svamp_0071,svamp,2,2,2,2,2,True,True,True,True,both_correct,both_correct,2,2,early_stop,382,1131,7161.0,4958
svamp_0072,svamp,131,131,131,131,131,True,True,True,True,both_correct,both_correct,3,3,early_stop,409,1210,7768.0,8842
svamp_0073,svamp,92,92,92,91,92,True,True,False,True,both_correct,wrong_to_correct,2,2,early_stop,379,1122,7429.0,5010
svamp_0074,svamp,640,640,640,640,640,True,True,True,True,both_correct,both_correct,2,2,early_stop,388,1167,7410.0,5128
svamp_0075,svamp,42,42,42,42,42,True,True,True,True,both_correct,both_correct,2,2,early_stop,379,1122,7395.0,4982
svamp_0076,svamp,7,280,280,252,280,False,False,False,False,both_wrong,both_wrong,2,2,early_stop,368,1114,7187.0,5382
svamp_0077,svamp,25,25,25,25,25,True,True,True,True,both_correct,both_correct,2,2,early_stop,369,1096,6969.0,4911
svamp_0078,svamp,1,1,1,1,1,True,True,True,True,both_correct,both_correct,2,2,early_stop,373,1095,6989.0,4932
svamp_0079,svamp,2,2,2,2,2,True,True,True,True,both_correct,both_correct,2,2,early_stop,372,1093,6984.0,5023
svamp_0080,svamp,11,11,1,11,11,True,False,True,True,wrong_to_correct,both_correct,3,3,early_stop,381,1118,7253.0,9194
